,labelName,account_url,account_sum,tokens_url,tokens_sum,transaction_url,transaction_sum
0,0xProtocol,/accounts/label/0x-protocol,58,/tokens/label/0x-protocol,1,,
1,0xProtocolEcosystem,/accounts/label/0x-protocol-ecosystem,12,/tokens/label/0x-protocol-ecosystem,11,,
2,0xSplits,/accounts/label/0xsplits,3,,,,
3,0xUniverse,/accounts/label/0xuniverse,6,/tokens/label/0xuniverse,1,,
4,1inch,/accounts/label/1inch,34,/tokens/label/1inch,6,,
5,3DPrinting,,,/tokens/label/3d-printing,1,,
6,Aave,/accounts/label/aave?subcatid=1,200,/tokens/label/aave,20,,
6,Aave,/accounts/label/aave?subcatid=0,200,/tokens/label/aave,51,,
7,ABCC,/accounts/label/abcc,2,/tokens/label/abcc,1,,
8,Abracadabra.Money,/accounts/label/abracadabra-money,18,,,,
9,AcrossProtocol,/accounts/label/across-protocol,21,/tokens/label/across-protocol,1,,
10,adidas,/accounts/label/adidas,3,/tokens/label/adidas,3,,
11,Adult,,,/tokens/label/adult,33,,
12,Advertising,/accounts/label/advertising,2,/tokens/label/advertising,54,,
13,Agriculture,,,/tokens/label/agriculture,31,,
14,Airdrop/Distributor,/accounts/label/airdrop-distributor,19,/tokens/label/airdrop-distributor,1,,
15,AirdropHunter,/accounts/label/airdrop-hunter,1437,,,,
16,AirSwap,/accounts/label/airswap,16,/tokens/label/airswap,2,,
17,AladdinDAO,/accounts/label/aladdindao,2,,,,
18,AlamedaResearch,/accounts/label/alameda-research,29,/tokens/label/alameda-research,1,,
19,AlchemistCoin,/accounts/label/alchemist-coin,14,/tokens/label/alchemist-coin,2,,
20,AlchemixFinance,/accounts/label/alchemix-finance,43,,,,
21,AlgorithmicStablecoin,,,/tokens/label/algorithmic-stablecoin,6,,
22,Allbit,/accounts/label/allbit,2,,,,
23,Ampleforth,/accounts/label/ampleforth,5,/tokens/label/ampleforth,1,,
24,Analytics,,,/tokens/label/analytics,13,,
25,Ankr,/accounts/label/ankr,2,/tokens/label/ankr,1,,
26,AppDevelopment,/accounts/label/app-development,1,/tokens/label/app-development,5,,
27,Apparel,,,/tokens/label/apparel,1,,
28,AR,,,/tokens/label/ar,10,,
29,Arbitrum,/accounts/label/arbitrum,58,/tokens/label/arbitrum,1,,
30,ArbitrumNova,/accounts/label/arbitrum-nova,13,,,,
31,ArbitrumOne,/accounts/label/arbitrum-one,16,,,,
32,ARCx,/accounts/label/arcx,29,,,,
33,Armor.fi,/accounts/label/armor-fi,13,/tokens/label/armor-fi,1,,
34,Art,,,/tokens/label/art,151,,
35,ArtBlocks,/accounts/label/art-blocks,4,/tokens/label/art-blocks,2,,
36,ArtificialIntelligence,,,/tokens/label/artificial-intelligence,169,,
37,Artworks,,,/tokens/label/artworks,3,,
38,AscendEX,/accounts/label/ascendex,8,/tokens/label/ascendex,2,,
39,AssetManagement,/accounts/label/asset-management,1,/tokens/label/asset-management,48,,
40,AssetToken,,,/tokens/label/asset-token,15,,
41,AtomSolutions,/accounts/label/atomsolutions,11,/tokens/label/atomsolutions,1,,
42,Auction,/accounts/label/auction,8,/tokens/label/auction,5,,
43,Audius,/accounts/label/audius,2,,,,
44,AugmentedFinance,/accounts/label/augmented-finance,51,,,,
45,Augur,/accounts/label/augur,11,/tokens/label/augur?subcatid=1,1,,
45,Augur,/accounts/label/augur,11,/tokens/label/augur?subcatid=0,3,,
45,Augur,/accounts/label/augur,11,/tokens/label/augur?subcatid=2,1,,
46,AuraFinance,/accounts/label/aura-finance,51,/tokens/label/aura-finance,2,,
47,Aurora,/accounts/label/aurora,2,/tokens/label/aurora,1,,
48,Authentication,,,/tokens/label/authentication,5,,
49,Authereum,/accounts/label/authereum,65,,,,
50,Avalanche,/accounts/label/avalanche,5,,,,
51,Aviation,,,/tokens/label/aviation,5,,
52,Axelar,,,/tokens/label/axelar,1,,
53,AxieInfinity,/accounts/label/axie-infinity,17,/tokens/label/axie-infinity,4,,
54,BackrunningBots,/accounts/label/backrunning-bots,2,,,,
55,Balancer,/accounts/label/balancer,2964,/tokens/label/balancer,2,,
56,BalancerVestedShareholders,/accounts/label/balancer-vested-shareholders,51,,,,
57,Bancor,/accounts/label/bancor,1082,/tokens/label/bancor?subcatid=1,34,,
57,Bancor,/accounts/label/bancor,1082,/tokens/label/bancor?subcatid=0,114,,
58,BancorContractVulnerability,/accounts/label/bancor-contract-vulnerability,3,,,,
59,Band,/accounts/label/band,4,/tokens/label/band,1,,
60,Banking,,,/tokens/label/banking,22,,
61,Base,/accounts/label/base,2,,,,
62,BasicAttentionToken,/accounts/label/basic-attention-token,5,/tokens/label/basic-attention-token,1,,
63,BeaconDepositor,/accounts/label/beacon-depositor,124745,/tokens/label/beacon-depositor,3,,
64,Beauty,,,/tokens/label/beauty,6,,
65,Beeple,/accounts/label/beeple,1,/tokens/label/beeple,4,,
66,Beverage,,,/tokens/label/beverage,3,,
67,Bgogo,/accounts/label/bgogo,3,/tokens/label/bgogo,1,,
68,Biconomy,/accounts/label/biconomy,17,,,,
69,Binance,/accounts/label/binance,57,/tokens/label/binance,10,/txs/label/binance,1
70,BitcoinPegged,,,/tokens/label/bitcoin-pegged,13,,
71,BitcoinSuisse,/accounts/label/bitcoin-suisse,6,,,,
72,BitcoinSoV,/accounts/label/bitcoinsov,5,/tokens/label/bitcoinsov,1,,
73,BitDAO,/accounts/label/bitdao,19,,,,
74,Bitfinex,/accounts/label/bitfinex,40,/tokens/label/bitfinex,7,,
75,Bithumb,/accounts/label/bithumb,18,,,,
76,BitMart,/accounts/label/bitmart,5,/tokens/label/bitmart,1,,
77,BitMEX,/accounts/label/bitmex,2,,,,
78,Bitpie,/accounts/label/bitpie,10,,,,
79,Bitstamp,/accounts/label/bitstamp,9,,,,
80,BitTorrent,/accounts/label/bittorrent,2,/tokens/label/bittorrent,2,,
81,Bittrex,/accounts/label/bittrex,4,,,,
82,Blockchain,,,/tokens/label/blockchain,266,,
83,BlockchainCuties,/accounts/label/blockchain-cuties,35,/tokens/label/blockchain-cuties,4,,
84,BlockchainPhone,,,/tokens/label/blockchain-phone,2,,
85,Blocked,/accounts/label/blocked,662,,,,
86,BlockFi,/accounts/label/blockfi,6,,,,
87,Blocto,/accounts/label/blocto,2,,,,
88,Bloom,/accounts/label/bloom,4,/tokens/label/bloom,1,,
89,bloXroute,/accounts/label/bloxroute,3,,,,
90,Blur.io,/accounts/label/blur-io,12,/tokens/label/blur-io,1,,
91,BountiesNetwork,/accounts/label/bounties-network,2,,,,
92,Bounty,/accounts/label/bounty,3,/tokens/label/bounty,3,/txs/label/bounty,1
93,BraveFrontierHeroes,/accounts/label/brave-frontier-heroes,11,/tokens/label/brave-frontier-heroes,2,,
94,Bridge,/accounts/label/bridge,173,/tokens/label/bridge,33,,
95,BridgedToken,/accounts/label/bridged-token,2,/tokens/label/bridged-token,177,,
96,Bugs,/accounts/label/bugs,2,,,,
97,BuidlGuidlBuilders,/accounts/label/buidlguidl-builders,373,,,,
98,Burn,/accounts/label/burn,25,,,/txs/label/burn,1
99,bZx,/accounts/label/bzx,13,/tokens/label/bzx,12,,
100,CACHEGold,/accounts/label/cache-gold,9,/tokens/label/cache-gold,1,,
101,CandideWallet,/accounts/label/candide-wallet,3,,,,
102,CelerNetwork,/accounts/label/celer-network,10,,,,
103,CelsiusNetwork,/accounts/label/celsius-network,24,/tokens/label/celsius-network,5,,
104,Centre,/accounts/label/centre,7,/tokens/label/centre,1,,
105,Chain,/accounts/label/chain,2,,,,
106,Chainlink,/accounts/label/chainlink,282,,,,
107,ChangeNOW,/accounts/label/changenow,3,/tokens/label/changenow,1,,
108,Charity,/accounts/label/charity,3542,/tokens/label/charity,93,/txs/label/charity,4
109,CheeseWizard,/accounts/label/cheese-wizard,3,,,,
110,ChibiFighters,/accounts/label/chibi-fighters,4,/tokens/label/chibi-fighters,2,,
111,Closure,/accounts/label/closure,8,/tokens/label/closure,7,,
112,Cloud,,,/tokens/label/cloud,26,,
113,Cobinhood,/accounts/label/cobinhood,4,/tokens/label/cobinhood,1,,
114,Coinbase,/accounts/label/coinbase,25,/tokens/label/coinbase,1,,
115,Coinbit,/accounts/label/coinbit,4,/tokens/label/coinbit,4,,
116,Coinhako,/accounts/label/coinhako,5,,,,
117,CoinList,/accounts/label/coinlist,3,,,,
118,CoinMarketFeed,/accounts/label/coinmarketfeed,6,/tokens/label/coinmarketfeed,1,,
119,CoinMetro,/accounts/label/coinmetro,7,,,,
120,Coinone,/accounts/label/coinone,4,,,,
121,Coinsquare,/accounts/label/coinsquare,25,,,,
122,ColdWallet,/accounts/label/cold-wallet,11,,,,
123,Collaboration,,,/tokens/label/collaboration,10,,
124,Collectibles,/accounts/label/collectibles,3,/tokens/label/collectibles,187,,
125,Commodity,,,/tokens/label/commodity,4,,
126,Communication,/accounts/label/communication,1,/tokens/label/communication,12,,
127,CompanyFunds,/accounts/label/company-funds,13,,,,
128,Compliance,,,/tokens/label/compliance,2,,
129,Compound,/accounts/label/compound,47,/tokens/label/compound?subcatid=1,10,/txs/label/compound,13
129,Compound,/accounts/label/compound,47,/tokens/label/compound?subcatid=0,8,/txs/label/compound,13
129,Compound,/accounts/label/compound,47,/tokens/label/compound?subcatid=2,2,/txs/label/compound,13
130,CompoundGovernance,/accounts/label/compound-governance,30,,,,
131,Computing,,,/tokens/label/computing,27,,
132,Connext,/accounts/label/connext,9,,,,
133,ConvexFinance,/accounts/label/convex-finance,23,/tokens/label/convex-finance,1,,
134,COSS.io,/accounts/label/coss-io,6,/tokens/label/coss-io,2,,
135,Counter.Market,/accounts/label/counter-market,4,,,,
136,CoWProtocol,/accounts/label/cow-protocol,9,/tokens/label/cow-protocol,2,,
137,Cream.Finance,/accounts/label/cream-finance,151,/tokens/label/cream-finance?subcatid=1,20,,
137,Cream.Finance,/accounts/label/cream-finance,151,/tokens/label/cream-finance?subcatid=0,53,,
138,Creepz,/accounts/label/creepz,8,/tokens/label/creepz,4,,
139,CREX24,/accounts/label/crex24,1,,,,
140,Cross-Chain,,,/tokens/label/cross-chain,38,,
141,Crowdfunding,,,/tokens/label/crowdfunding,34,,
142,CryptoCard,,,/tokens/label/crypto-card,14,,
143,Crypto.com,/accounts/label/crypto-com,21,/tokens/label/crypto-com,4,,
144,CryptoAtoms,/accounts/label/cryptoatoms,5,/tokens/label/cryptoatoms,1,,
145,CryptoBots,/accounts/label/cryptobots,2,/tokens/label/cryptobots,2,,
146,CryptoDozer,/accounts/label/cryptodozer,6,/tokens/label/cryptodozer,5,,
147,Cryptograph,/accounts/label/cryptograph,2,/tokens/label/cryptograph,1,,
148,CryptoKitties,/accounts/label/cryptokitties,5,/tokens/label/cryptokitties,1,,
149,CryptoPunks,/accounts/label/cryptopunks,4,/tokens/label/cryptopunks,2,,
150,CryptoRome,/accounts/label/cryptorome,3,/tokens/label/cryptorome,3,,
151,CryptoSaga,/accounts/label/cryptosaga,6,/tokens/label/cryptosaga,2,,
152,CryptoServal,/accounts/label/cryptoserval,2,/tokens/label/cryptoserval,2,,
153,CryptoSpells,/accounts/label/cryptospells,8,/tokens/label/cryptospells,2,,
154,CryptoWars,/accounts/label/cryptowars,2,/tokens/label/cryptowars,1,,
155,Currency,,,/tokens/label/currency,70,,
156,Curve.fi,/accounts/label/curve-fi,183,/tokens/label/curve-fi?subcatid=1,9,,
156,Curve.fi,/accounts/label/curve-fi,183,/tokens/label/curve-fi?subcatid=0,7,,
157,DAO,/accounts/label/dao,10,/tokens/label/dao,201,,
158,DAOFunds,/accounts/label/dao-funds,2,,,,
159,DAppNode,/accounts/label/dappnode,6,/tokens/label/dappnode,1,,
160,DarwiniaNetwork,/accounts/label/darwinia-network,3,/tokens/label/darwinia-network,8,,
161,Data,,,/tokens/label/data,105,,
162,Dating,,,/tokens/label/dating,4,,
163,Decentraland,/accounts/label/decentraland,30,/tokens/label/decentraland,26,,
164,DecentralizedWeb,,,/tokens/label/decentralized-web,135,,
165,DecentraWeb,/accounts/label/decentraweb,5,/tokens/label/decentraweb,2,,
166,DeFi,/accounts/label/defi,154,/tokens/label/defi?subcatid=1,53,,
166,DeFi,/accounts/label/defi,154,/tokens/label/defi?subcatid=0,1749,,
167,DeFiEducationFund,/accounts/label/defi-education-fund,8,,,,
168,DeFiSaver,/accounts/label/defi-saver,12,,,,
169,DeFianceCapital,/accounts/label/defiance-capital,2,/tokens/label/defiance-capital,1,,
170,DeflationaryToken,,,/tokens/label/deflationary-token,174,,
171,DepositAddress,/accounts/label/deposit-address,1,,,,
172,Deprecated,/accounts/label/deprecated,118,/tokens/label/deprecated,41,,
173,Deribit,/accounts/label/deribit,10,,,,
174,Derivatives,/accounts/label/derivatives,20,/tokens/label/derivatives,27,,
175,Design,,,/tokens/label/design,4,,
176,DEX,/accounts/label/dex,95,/tokens/label/dex,161,,
177,DEX.AG,/accounts/label/dex-ag,4,,,,
178,dForce,/accounts/label/dforce,17,/tokens/label/dforce?subcatid=1,6,,
178,dForce,/accounts/label/dforce,17,/tokens/label/dforce?subcatid=0,14,,
179,Diamonds,,,/tokens/label/diamonds,4,,
180,DigiFinex,/accounts/label/digifinex,5,/tokens/label/digifinex,2,,
181,DINNGO,/accounts/label/dinngo,3,/tokens/label/dinngo,1,,
182,Donate,/accounts/label/donate,95,/tokens/label/donate,4,/txs/label/donate,9
183,Dot-pegged,,,/tokens/label/dot-pegged,1,,
184,Dragonereum,/accounts/label/dragonereum,32,/tokens/label/dragonereum,3,,
185,DutchX,/accounts/label/dutchx,4,,,,
186,DXdao,/accounts/label/dxdao,3,,,,
187,dYdX,/accounts/label/dydx,49,/tokens/label/dydx,1,,
188,E-Commerce,/accounts/label/e-commerce,1,/tokens/label/e-commerce,73,,
189,Education,/accounts/label/education,1,/tokens/label/education,71,,
190,EigenPhi,,,,,/txs/label/eigenphi,5570837
191,Electricity,,,/tokens/label/electricity,3,,
192,Electronics,/accounts/label/electronics,1,/tokens/label/electronics,1,,
193,Email,,,/tokens/label/email,1,,
194,EmptySetDollar,/accounts/label/empty-set-dollar,5,,,,
195,Endaoment,/accounts/label/endaoment,3533,,,,
196,EnergySector,/accounts/label/energy-sector,1,/tokens/label/energy-sector,71,,
197,ENS,/accounts/label/ens,36,/tokens/label/ens?subcatid=0,4,/txs/label/ens,2
197,ENS,/accounts/label/ens,36,/tokens/label/ens?subcatid=2,1,/txs/label/ens,2
198,Entertainment,,,/tokens/label/entertainment,124,,
199,Environment,,,/tokens/label/environment,22,,
200,EnzymeFinance,/accounts/label/enzyme-finance,59,/tokens/label/enzyme-finance,1,,
201,Erasure,/accounts/label/erasure,4,,,,
202,Escrow,/accounts/label/escrow,1,/tokens/label/escrow,8,,
203,Esports,,,/tokens/label/esports,20,,
204,EtherCards,/accounts/label/ether-cards,6,/tokens/label/ether-cards,2,,
205,EtherLegends,/accounts/label/ether-legends,4,/tokens/label/ether-legends,1,,
206,Etheremon,/accounts/label/etheremon,46,/tokens/label/etheremon,4,,
207,EthereumFoundation,/accounts/label/ethereum-foundation,2,/tokens/label/ethereum-foundation,1,,
208,EthereumMixer,/accounts/label/ethereum-mixer,1,,,,
209,Etheroll,/accounts/label/etheroll,8,/tokens/label/etheroll,1,,
210,Etherspot,/accounts/label/etherspot,1,,,,
211,Events,,,/tokens/label/events,11,/txs/label/events,10
212,Evmos,/accounts/label/evmos,2,/tokens/label/evmos,1,,
213,F2Pool,/accounts/label/f2pool,3,,,,
214,FactoryContract,/accounts/label/factory-contract,15,/tokens/label/factory-contract,1,,
215,Fantom,/accounts/label/fantom,25,/tokens/label/fantom,1,,
216,Farming,/accounts/label/farming,1,/tokens/label/farming,7,,
217,Fashion,,,/tokens/label/fashion,16,,
218,FATBrandsInc.,/accounts/label/fat-brands-inc,2,/tokens/label/fat-brands-inc,2,,
219,FeiProtocol,/accounts/label/fei-protocol,19,,,,
220,FiatGateway,/accounts/label/fiat-gateway,22,/tokens/label/fiat-gateway,6,,
221,Finance,/accounts/label/finance,3,/tokens/label/finance,315,,
222,Fintech,,,/tokens/label/fintech,77,,
223,Fitness,,,/tokens/label/fitness,13,,
224,FlaggedbySEC,/accounts/label/flagged-by-sec,2,/tokens/label/flagged-by-sec,2,,
225,Flexa,/accounts/label/flexa,6,/tokens/label/flexa,1,,
226,Flowerpatch,/accounts/label/flowerpatch,1,/tokens/label/flowerpatch,1,,
227,FOAM,/accounts/label/foam,6,/tokens/label/foam,3,,
228,Fomo3D,/accounts/label/fomo3d,7,,,/txs/label/fomo3d,1
229,Food,,,/tokens/label/food,8,,
230,ForTube,/accounts/label/fortube,12,,,,
231,FraudProof,/accounts/label/fraud-proof,5,,,,
232,Freelance,/accounts/label/freelance,1,/tokens/label/freelance,18,,
233,FTX,/accounts/label/ftx,13,/tokens/label/ftx,15,,
234,Fund,/accounts/label/fund,65,/tokens/label/fund,35,,
235,Furucombo,/accounts/label/furucombo,32,/tokens/label/furucombo,2,,
236,Gambling,/accounts/label/gambling,45,/tokens/label/gambling,111,,
237,Gaming,/accounts/label/gaming,10,/tokens/label/gaming,632,,
238,Gas,,,/tokens/label/gas,5,,
239,Gate.io,/accounts/label/gate-io,7,,,,
240,GBX,/accounts/label/gbx,5,/tokens/label/gbx,2,,
241,GearboxProtocol,/accounts/label/gearbox-protocol,11,,,,
242,Geeq,/accounts/label/geeq,12,/tokens/label/geeq,1,,
243,Gem,/accounts/label/gem,10,,,,
244,Gemini,/accounts/label/gemini,14,/tokens/label/gemini,2,,
245,Genesis,/accounts/label/genesis,13,,,/txs/label/genesis,1
246,GitcoinGrants,/accounts/label/gitcoin-grants,203,/tokens/label/gitcoin-grants,1,,
247,Giveth.io,/accounts/label/giveth-io,3,,,,
248,GnosisChain,,,/tokens/label/gnosis-chain,2,,
249,GodsUnchained,/accounts/label/gods-unchained,24,/tokens/label/gods-unchained,3,,
250,Gold,,,/tokens/label/gold,42,,
251,Governance,/accounts/label/governance,1,/tokens/label/governance,82,,
252,HakkaFinance,/accounts/label/hakka-finance,5,/tokens/label/hakka-finance,3,,
253,Healthcare,,,/tokens/label/healthcare,71,,
254,HighRisk,/accounts/label/high-risk,2,,,,
255,HighTransactionFee,,,,,/txs/label/high-transaction-fee,36
256,HitBTC,/accounts/label/hitbtc,6,,,,
257,Hoo.com,/accounts/label/hoo-com,7,,,,
258,HopProtocol,/accounts/label/hop-protocol,34,/tokens/label/hop-protocol,1,,
259,Hospitality,,,/tokens/label/hospitality,6,,
260,HotWallet,/accounts/label/hot-wallet,10,,,,
261,Hotbit,/accounts/label/hotbit,4,/tokens/label/hotbit,1,,
262,Hotel,,,/tokens/label/hotel,3,,
263,HR,,,/tokens/label/hr,15,,
264,HumanResource,,,/tokens/label/human-resource,19,,
265,Humanity,/accounts/label/humanity,7,/tokens/label/humanity,1,,
266,Huobi,/accounts/label/huobi,85,/tokens/label/huobi,3,,
267,HydroProtocol,/accounts/label/hydro-protocol,8,/tokens/label/hydro-protocol,1,,
268,HyperDragons,/accounts/label/hyper-dragons,6,/tokens/label/hyper-dragons,1,,
269,ICOWallets,/accounts/label/ico-wallets,178,,,,
270,Identity,,,/tokens/label/identity,35,,
271,IDEX,/accounts/label/idex,5,/tokens/label/idex,3,,
272,Idle.finance,/accounts/label/idle-finance,85,/tokens/label/idle-finance?subcatid=1,11,,
272,Idle.finance,/accounts/label/idle-finance,85,/tokens/label/idle-finance?subcatid=0,38,,
272,Idle.finance,/accounts/label/idle-finance,85,/tokens/label/idle-finance?subcatid=2,10,,
273,Illuvium,/accounts/label/illuvium,4,/tokens/label/illuvium,1,,
274,Incubator,,,/tokens/label/incubator,12,,
275,Index,,,/tokens/label/index,3,,
276,IndexProtocol,/accounts/label/index-protocol,41,/tokens/label/index-protocol,7,,
277,IndustryRecoveryInitiative,/accounts/label/industry-recovery-initiative,1,,,,
278,InstaDApp,/accounts/label/instadapp,21,,,,
279,Insurance,/accounts/label/insurance,2,/tokens/label/insurance,50,,
280,Insureum,/accounts/label/insureum,1,/tokens/label/insureum,1,/txs/label/insureum,2
281,InverseFinance,/accounts/label/inverse-finance,20,,,,
282,Investment,/accounts/label/investment,1,/tokens/label/investment,100,,
283,InvoiceFinancing,,,/tokens/label/invoice-financing,1,,
284,IoT,,,/tokens/label/iot,19,,
285,JarvisNetwork,/accounts/label/jarvis-network,6,/tokens/label/jarvis-network?subcatid=1,1,,
285,JarvisNetwork,/accounts/label/jarvis-network,6,/tokens/label/jarvis-network?subcatid=0,4,,
285,JarvisNetwork,/accounts/label/jarvis-network,6,/tokens/label/jarvis-network?subcatid=2,1,,
286,Jobs,,,/tokens/label/jobs,6,,
287,Juicebox,/accounts/label/juicebox,10,,,,
288,Keep,/accounts/label/keep,8,/tokens/label/keep,1,,
289,Keep2r,/accounts/label/keep2r,14,/tokens/label/keep2r,3,,
290,Knowledge,,,/tokens/label/knowledge,3,,
291,Korbit,/accounts/label/korbit,8,,,,
292,Kraken,/accounts/label/kraken,18,,,,
293,Kryptono,/accounts/label/kryptono,4,/tokens/label/kryptono,1,,
294,KuCoin,/accounts/label/kucoin,20,/tokens/label/kucoin,2,,
295,KyberSwap,/accounts/label/kyberswap,131,/tokens/label/kyberswap,3,,
296,Land,,,/tokens/label/land,3,,
297,LAToken,/accounts/label/latoken,4,/tokens/label/latoken,1,,
298,Launchpad,/accounts/label/launchpad,1,/tokens/label/launchpad,18,,
299,Layer2,/accounts/label/layer-2,130,/tokens/label/layer-2,14,/txs/label/layer-2,2
300,LCXAG,/accounts/label/lcx-ag,5,/tokens/label/lcx-ag,1,,
301,Legal,/accounts/label/legal,1,/tokens/label/legal,7,/txs/label/legal,2
302,Lido,/accounts/label/lido,135,/tokens/label/lido,16,,
303,Liqui.io,/accounts/label/liqui.io,2,,,,
304,Liquid,/accounts/label/liquid,6,/tokens/label/liquid,4,,
305,Liquidity,/accounts/label/liquidity,1,/tokens/label/liquidity,22,,
306,Liquity,/accounts/label/liquity,18,/tokens/label/liquity,2,,
307,Livepeer,/accounts/label/livepeer,27,/tokens/label/livepeer,1,,
308,Loans,/accounts/label/loans,11,/tokens/label/loans,120,,
309,LogicContract,/accounts/label/logic-contract,8,,,,
310,Logistics,,,/tokens/label/logistics,13,,
311,LooksRare,/accounts/label/looksrare,30,/tokens/label/looksrare,1,,
312,Loopring,/accounts/label/loopring,18,/tokens/label/loopring,2,,
313,LORDLESS,/accounts/label/lordless,3,/tokens/label/lordless,3,,
314,LoyaltyandRewards,,,/tokens/label/loyalty-and-rewards,49,,
315,LUKSOBlockchain,/accounts/label/lukso-blockchain,5,/tokens/label/lukso-blockchain,1,,
316,MainnetLaunched,,,/tokens/label/mainnet-launched,21,,
317,Maker,/accounts/label/maker,81,/tokens/label/maker,4,,
318,MakerVaultOwner,/accounts/label/maker-vault-owner,282,,,,
319,MANTRA,/accounts/label/mantra,21,/tokens/label/mantra,16,,
320,Manufacturing,,,/tokens/label/manufacturing,5,,
321,Marketing,/accounts/label/marketing,3,/tokens/label/marketing,31,,
322,Marketplace,/accounts/label/marketplace,17,/tokens/label/marketplace,159,,
323,Masternode,,,/tokens/label/masternode,6,,
324,MCDEX,/accounts/label/mcdex,49,,,,
325,Media,/accounts/label/media,1,/tokens/label/media,36,,
326,MEDIKEY,/accounts/label/medikey,12,/tokens/label/medikey,1,,
327,MEETtoken,/accounts/label/meettoken,7,/tokens/label/meettoken,1,,
328,MegaCryptoPolis,/accounts/label/megacryptopolis,7,/tokens/label/megacryptopolis,6,,
329,MekaVerse,/accounts/label/mekaverse,5,/tokens/label/mekaverse,4,,
330,MEME,,,/tokens/label/meme,646,,
331,Meowl,/accounts/label/meowl,8,,,,
332,MESG,/accounts/label/mesg,6,/tokens/label/mesg,1,,
333,MetaMask,/accounts/label/metamask,3,/tokens/label/metamask,1,,
334,Metaverse,/accounts/label/metaverse,1,/tokens/label/metaverse,197,,
335,MetisAndromeda,/accounts/label/metis-andromeda,16,,,,
336,Metronome,/accounts/label/metronome,5,/tokens/label/metronome,1,,
337,MEVBlock,,,,,,
338,MEVBot,/accounts/label/mev-bot,406,,,,
339,MEVBuilder,/accounts/label/mev-builder,57,,,,
340,MEVProtection,/accounts/label/mev-protection,2,/tokens/label/mev-protection,3,,
341,Microtasking,,,/tokens/label/microtasking,3,,
342,Milestone,,,,,,
343,Mining,/accounts/label/mining,127,/tokens/label/mining,75,,
344,MiningPoolHub,/accounts/label/miningpoolhub,8,,,,
345,Mirror,/accounts/label/mirror,23,/tokens/label/mirror,2,,
346,Mobile,,,/tokens/label/mobile,29,,
347,Movie/Film,,,/tokens/label/movie-film,5,,
348,mStable,/accounts/label/mstable,151,/tokens/label/mstable,5,,
349,Multichain,/accounts/label/multichain,39,/tokens/label/multichain,176,,
350,Multisig,/accounts/label/multisig,39,,,,
351,MultisigOwner,/accounts/label/multisig-owner,25,,,,
352,Music,/accounts/label/music,1,/tokens/label/music,62,,
353,MyCryptoHeroes,/accounts/label/my-crypto-heroes,27,/tokens/label/my-crypto-heroes,4,,
354,MyEtherWallet,/accounts/label/myetherwallet,1,/tokens/label/myetherwallet,1,,
355,NACDAQ,/accounts/label/nacdaq,6,,,,
356,Nation3,,,/tokens/label/nation3,1,,
357,NeoTokyo,/accounts/label/neo-tokyo,8,/tokens/label/neo-tokyo,8,,
358,NeonDistrict,/accounts/label/neon-district,3,/tokens/label/neon-district,2,,
359,NESTProtocol,/accounts/label/nest-protocol,22,/tokens/label/nest-protocol,1,,
360,NetCongestion,,,,,/txs/label/netcongestion,1
361,Network,/accounts/label/network,1,/tokens/label/network,52,,
362,NetworkFork,,,,,,
363,News,/accounts/label/news,1,/tokens/label/news,16,,
364,Nexo,/accounts/label/nexo,8,/tokens/label/nexo,1,,
365,NexusMutual,/accounts/label/nexus-mutual,41,/tokens/label/nexus-mutual,1,,
366,NiftyGateway,/accounts/label/nifty-gateway,5,/tokens/label/nifty-gateway,4,,
367,Nitro,/accounts/label/nitro,29,,,,
368,Nonprofit,/accounts/label/nonprofit,3534,/tokens/label/nonprofit,1,,
369,NuoNetwork,/accounts/label/nuo-network,14,,,,
370,OFACSanctionsLists,/accounts/label/ofac-sanctions-lists,72,,,,
371,Off-Chain,,,/tokens/label/off-chain,1,,
372,Oil,,,/tokens/label/oil,1,,
373,OKX,/accounts/label/okx,26,/tokens/label/okx,1,,
374,OldContract,/accounts/label/old-contract,1224,/tokens/label/old-contract?subcatid=0,621,,
374,OldContract,/accounts/label/old-contract,1224,/tokens/label/old-contract?subcatid=2,1,,
375,OlympusDAO,/accounts/label/olympusdao,47,,,,
376,OMGNetwork,/accounts/label/omg-network,13,/tokens/label/omg-network,2,,
377,Onyx.to,/accounts/label/onyx-to,4,/tokens/label/onyx-to,3,,
378,Oobit,/accounts/label/oobit,6,/tokens/label/oobit,1,,
379,Ooki,/accounts/label/ooki,1,/tokens/label/ooki,1,,
380,OpenGrants,/accounts/label/open-grants,22,,,,
381,OpenSea,/accounts/label/opensea,17,/tokens/label/opensea,2,,
382,OpiumTeam,/accounts/label/opium-team,22,,,,
383,Opportunist,/accounts/label/opportunist,8,,,/txs/label/opportunist,1
384,Optics,/accounts/label/optics,1,,,,
385,Optimism,/accounts/label/optimism,30,,,,
386,OptionsTrading,/accounts/label/options-trading,3,/tokens/label/options-trading,6,,
387,Opyn,/accounts/label/opyn,5,,,,
388,Oracle,/accounts/label/oracle,14,/tokens/label/oracle,27,,
389,OracleDAO,/accounts/label/oracle-dao,26,,,,
390,Orchid,/accounts/label/orchid,6,/tokens/label/orchid,1,,
391,OriginProtocol,/accounts/label/origin-protocol,15,/tokens/label/origin-protocol?subcatid=1,1,,
391,OriginProtocol,/accounts/label/origin-protocol,15,/tokens/label/origin-protocol?subcatid=0,1,,
392,Origo,/accounts/label/origo,3,/tokens/label/origo,1,,
393,OTC,/accounts/label/otc,13,/tokens/label/otc,7,,
394,Others,,,/tokens/label/others,28,/txs/label/others,1
395,PancakeSwap,/accounts/label/pancakeswap,14,/tokens/label/pancakeswap,1,,
396,ParaSwap,/accounts/label/paraswap,4,/tokens/label/paraswap,1,,
397,Paribu,/accounts/label/paribu,5,,,,
398,ParityBug,/accounts/label/parity-bug,153,,,,
399,Pass,,,/tokens/label/pass,48,,
400,Payments,/accounts/label/payments,6,/tokens/label/payments,226,/txs/label/payments,1
401,Pet,,,/tokens/label/pet,5,,
402,Pharmaceutical,,,/tokens/label/pharmaceutical,1,,
403,Pimlico,/accounts/label/pimlico,357,,,,
404,Platform,,,/tokens/label/platform,184,,
405,Play-to-Earn,/accounts/label/play-to-earn,1,/tokens/label/play-to-earn,75,,
406,POANetwork,/accounts/label/poa-network,10,/tokens/label/poa-network,1,,
407,Polkastarter,/accounts/label/polkastarter,112,,,,
408,Poloniex,/accounts/label/poloniex,20,,,,
409,PolychainMonsters,/accounts/label/polychain-monsters,4,/tokens/label/polychain-monsters,2,,
410,Polygon(Matic),/accounts/label/polygon-matic,41,/tokens/label/polygon-matic,1,/txs/label/polygon-matic,3
411,PoolTogether,/accounts/label/pooltogether,48,/tokens/label/pooltogether,14,,
412,PortfolioTracker,,,/tokens/label/portfolio-tracker,1,,
413,PoS,,,/tokens/label/pos,4,,
414,PreciousMetals,,,/tokens/label/precious-metals,7,,
415,Prediction,/accounts/label/prediction,2,/tokens/label/prediction,1,/txs/label/prediction,6
416,PredictionMarket,/accounts/label/prediction-market,1,/tokens/label/prediction-market,20,,
417,Premia,/accounts/label/premia,28,/tokens/label/premia,2,,
418,Privacy,,,/tokens/label/privacy,41,,
419,ProposerFeeRecipient,/accounts/label/proposer-fee-recipient,206,,,,
420,Protocol,/accounts/label/protocol,24,/tokens/label/protocol,144,,
421,ProxyContract,/accounts/label/proxy-contract,51,,,,
422,PundiX,/accounts/label/pundi-x,15,/tokens/label/pundi-x,3,,
423,QuadrigaCX,/accounts/label/quadrigacx,3,,,,
424,Radicle,/accounts/label/radicle,5,/tokens/label/radicle,1,,
425,Radio,,,/tokens/label/radio,1,,
426,Raiden,/accounts/label/raiden,4,,,,
427,RaidParty,/accounts/label/raidparty,5,/tokens/label/raidparty,3,,
428,RariCapital,/accounts/label/rari-capital,50,/tokens/label/rari-capital,4,,
429,Rarible,/accounts/label/rarible,32,/tokens/label/rarible,7,,
430,Rating,,,/tokens/label/rating,4,,
431,RealEstate,/accounts/label/real-estate,1,/tokens/label/real-estate,83,,
432,RebaseToken,,,/tokens/label/rebase-token,43,,
433,RedactedCartel,/accounts/label/redacted-cartel,3,/tokens/label/redacted-cartel,1,,
434,ReflexerFinance,/accounts/label/reflexer-finance,59,,,,
435,Refund,,,,,/txs/label/refund,17
436,Remitano,/accounts/label/remitano,3,,,,
437,Remittance,,,/tokens/label/remittance+,6,,
438,Remme,/accounts/label/remme,6,/tokens/label/remme,1,,
439,Ren,/accounts/label/ren,23,/tokens/label/ren,9,,
440,Rent,,,/tokens/label/rent,7,,
441,Reputation,,,/tokens/label/reputation,2,,
442,Research,,,/tokens/label/research,11,,
443,ReserveProtocol,/accounts/label/reserve-protocol,6,/tokens/label/reserve-protocol,3,,
444,ReserveLending,/accounts/label/reservelending,11,/tokens/label/reservelending,10,,
445,Resfinex,/accounts/label/resfinex,4,/tokens/label/resfinex,1,,
446,Restaurant,,,/tokens/label/restaurant,3,,
447,Retail,,,/tokens/label/retail,12,,
448,Revain,/accounts/label/revain,6,/tokens/label/revain?subcatid=1,2,,
448,Revain,/accounts/label/revain,6,/tokens/label/revain?subcatid=2,1,,
449,RevestFinance,/accounts/label/revest-finance,14,,,,
450,Review,,,/tokens/label/review,2,,
451,Rhino.fi,/accounts/label/rhino-fi,11,/tokens/label/rhino-fi,1,,
452,RibbonFinance,/accounts/label/ribbon-finance,14,/tokens/label/ribbon-finance,1,/txs/label/ribbon-finance,2
453,Ridesharing,,,/tokens/label/ridesharing,4,,
454,Robo-AdvisorYield,/accounts/label/robo-advisor-yield,8,,,,
455,RocketPool,/accounts/label/rocket-pool,1433,/tokens/label/rocket-pool,3,,
456,Router,/accounts/label/router,6,,,,
457,Sablier,/accounts/label/sablier,5,,,,
458,SaddleFinance,/accounts/label/saddle-finance,16,/tokens/label/saddle-finance,3,,
459,Safe(formerlyGnosisSafe),/accounts/label/safe-formerly-gnosis-safe,44,/tokens/label/safe-formerly-gnosis-safe,1,,
460,Saffron.Finance,/accounts/label/saffron-finance,5,/tokens/label/saffron-finance,1,,
461,ScrollNetwork,/accounts/label/scroll-network,5,,,,
462,Security,/accounts/label/security,3,/tokens/label/security,53,,
463,SecurityToken,,,/tokens/label/security-token,31,,
464,SentinelProtocol,/accounts/label/sentinel-protocol,4,/tokens/label/sentinel-protocol,1,,
465,Services/Solutions,/accounts/label/services-solutions,2,/tokens/label/services-solutions,97,,
466,SetProtocol,/accounts/label/set-protocol,134,/tokens/label/set-protocol?subcatid=0,33,,
466,SetProtocol,/accounts/label/set-protocol,134,/tokens/label/set-protocol?subcatid=2,18,,
467,SetSocialTrading,,,/tokens/label/set-social-trading,47,,
468,ShapeShift,/accounts/label/shapeshift,16,/tokens/label/shapeshift,1,,
469,Sharing,,,/tokens/label/sharing,9,,
470,ShibaInu,/accounts/label/shiba-inu,10,/tokens/label/shiba-inu,3,,
471,Shipping,,,/tokens/label/shipping,6,,
472,Sidechains,,,/tokens/label/sidechains,1,,
473,SilverwayPlatform,/accounts/label/silverway-platform,3,/tokens/label/silverway-platform,1,,
474,SmartContract,/accounts/label/smart-contract,2,/tokens/label/smart-contract,18,,
475,SocialMedia,,,/tokens/label/social-media,85,,
476,SocialNetworking,/accounts/label/social-networking,4,/tokens/label/social-networking,82,,
477,Software,,,/tokens/label/software,20,,
478,SolvProtocol,/accounts/label/solv-protocol,33,/tokens/label/solv-protocol,2,,
479,SomethingFishy?,/accounts/label/something-fishy,1,,,,
480,Sorare,/accounts/label/sorare,7,/tokens/label/sorare,2,,
481,SorbetFinance,/accounts/label/sorbet-finance,3,,,,
482,SpamToken,/accounts/label/spam-token,11,/tokens/label/spam-token,21,,
483,Sports,,,/tokens/label/sports,51,,
484,ST-20,,,/tokens/label/st-20,6,,
485,Stablecoin,/accounts/label/stablecoin,4,/tokens/label/stablecoin,229,,
486,Stackup,/accounts/label/stackup,19,,,,
487,Staking,/accounts/label/staking,36,/tokens/label/staking,632,,
488,StarkNet,/accounts/label/starknet,9,,,,
489,Status,/accounts/label/status,6,/tokens/label/status,1,,
490,StonerCats,/accounts/label/stoner-cats,1,/tokens/label/stoner-cats,1,/txs/label/stoner-cats,1
491,Storage,,,/tokens/label/storage,20,,
492,Streaming,,,/tokens/label/streaming,4,,
493,Streamity,/accounts/label/streamity,9,/tokens/label/streamity,2,,
494,StrongBlock,/accounts/label/strongblock,5,/tokens/label/strongblock,2,,
495,Subscription/Membership,,,/tokens/label/subscription-membership,2,,
496,sudoswap,/accounts/label/sudoswap,3,,,,
497,Sumero,/accounts/label/sumero,1,,,,
498,SuperRare,/accounts/label/superrare,6,/tokens/label/superrare,2,,
499,SupplyChain,,,/tokens/label/supply-chain,18,,
500,Surveillance,,,/tokens/label/surveillance,1,,
501,Survey,,,/tokens/label/survey,3,,
502,SushiSwap,/accounts/label/sushiswap,3798,/tokens/label/sushiswap,3,,
503,Swipe.io,/accounts/label/swipe-io,8,/tokens/label/swipe-io,1,,
504,SwipeSwap,/accounts/label/swipeswap,11,,,,
505,Switcheo,/accounts/label/switcheo,3,,,,
506,SybilDelegate,/accounts/label/sybil-delegate,222,/tokens/label/sybil-delegate,1,,
507,Synapse,/accounts/label/synapse,11,/tokens/label/synapse,1,,
508,Synthetix,/accounts/label/synthetix,524,/tokens/label/synthetix,65,,
509,Syscoin,/accounts/label/syscoin,5,,,,
510,TAGZ,/accounts/label/tagz,4,/tokens/label/tagz,2,,
511,TakeAction,/accounts/label/take-action,3090,,,,
512,tBTC,/accounts/label/tbtc,5,/tokens/label/tbtc?subcati=1,1,/txs/label/tbtc,1
512,tBTC,/accounts/label/tbtc,5,/tokens/label/tbtc?subcati=2,1,/txs/label/tbtc,1
513,Technology,,,/tokens/label/technology,132,,
514,Telecommunications,,,/tokens/label/telecommunications,7,,
515,Ticketing,,,/tokens/label/ticketing,2,,
516,Tidex,/accounts/label/tidex,2,,,,
517,TokenBurn,,,,,/txs/label/token-burn,2
518,TokenMigration,/accounts/label/token-migration,1,/tokens/label/token-migration,3,,
519,TokenSale,/accounts/label/token-sale,437,,,,
520,TokenizedAsset,,,/tokens/label/tokenized-asset,34,,
521,TokenizedEquity,,,/tokens/label/tokenized-equity,11,,
522,Tokenlon,/accounts/label/tokenlon,26,/tokens/label/tokenlon,3,,
523,Tools,/accounts/label/tools,1,/tokens/label/tools,19,,
524,TopBTC,/accounts/label/topbtc,2,/tokens/label/topbtc,1,,
525,Tornado.Cash,/accounts/label/tornado-cash,63,/tokens/label/tornado-cash,2,,
526,Trade.io,/accounts/label/trade-io,6,/tokens/label/trade-io,1,,
527,Trading,/accounts/label/trading,13,/tokens/label/trading,215,,
528,Transportation,,,/tokens/label/transportation,5,,
529,TrappedFunds,,,,,/txs/label/trapped-funds,4
530,Travel,,,/tokens/label/travel,40,,
531,TRON,/accounts/label/tron,4,/tokens/label/tron,3,,
532,TrustToken,/accounts/label/trusttoken,11,/tokens/label/trusttoken,5,,
533,Typhoon.Cash,/accounts/label/typhoon-cash,23,/tokens/label/typhoon-cash,1,,
534,unagii.com,/accounts/label/unagii-com,14,/tokens/label/unagii-com?subcatid=1,6,,
534,unagii.com,/accounts/label/unagii-com,14,/tokens/label/unagii-com?subcatid=2,5,,
535,UNCXNetwork,/accounts/label/uncx-network,15,/tokens/label/uncx-network,2,,
536,unFederalReserve,/accounts/label/unfederalreserve,10,/tokens/label/unfederalreserve,10,,
537,Unibright,/accounts/label/unibright,16,/tokens/label/unibright,1,,
538,UnifierSystem,/accounts/label/unifier-system,4,/tokens/label/unifier-system,1,,
539,UniPass,/accounts/label/unipass,1,,,,
540,Uniswap,/accounts/label/uniswap,244828,/tokens/label/uniswap,2,,
541,UnitProtocol,/accounts/label/unit-protocol,10,,,,
542,UnstoppableDomains,/accounts/label/unstoppable-domains,6,/tokens/label/unstoppable-domains,2,,
543,Upbit,/accounts/label/upbit,4,,,,
544,V1,/accounts/label/v1,17,/tokens/label/v1,17,,
545,V2,/accounts/label/v2,112,/tokens/label/v2?subcatid=1,19,,
545,V2,/accounts/label/v2,112,/tokens/label/v2?subcatid=0,3,,
546,ValueDeFi,/accounts/label/value-defi,34,/tokens/label/value-defi,1,,
547,Vaults,/accounts/label/vaults,52,/tokens/label/vaults,34,,
548,Vehicle,,,/tokens/label/vehicle,19,,
549,VentureCapital,,,/tokens/label/venture-capital,10,,
550,VesperFinance,/accounts/label/vesper-finance,13,,,,
551,Video,,,/tokens/label/video,10,,
552,VodiX,/accounts/label/vodi-x,1,/tokens/label/vodi-x,1,/txs/label/vodi-x,1
553,VPN,/accounts/label/vpn,1,/tokens/label/vpn,4,,
554,VR,,,/tokens/label/vr,23,,
555,WalletApp,/accounts/label/wallet-app,7,/tokens/label/wallet-app,81,,
556,WBTCMerchant,/accounts/label/wbtc-merchant,21,,,,
557,WebsiteDown,/accounts/label/website-down,112,/tokens/label/website-down,690,,
558,Whitehat,/accounts/label/white-hat,1,,,/txs/label/white-hat,2
559,WhiteHatGroup,/accounts/label/white-hat-group,3,,,,
560,Wi-Fi,,,/tokens/label/wi-fi,3,,
561,Wirex,/accounts/label/wirex,2,/tokens/label/wirex,1,,
562,Wormhole,/accounts/label/wormhole,18,/tokens/label/wormhole,18,,
563,WrappedBitcoin,/accounts/label/wrapped-bitcoin,5,/tokens/label/wrapped-bitcoin,2,,
564,WrappedToken,,,/tokens/label/wrapped-token,2,,
565,Yam.Finance,/accounts/label/yam-finance,22,/tokens/label/yam-finance?subcatid=1,1,,
565,Yam.Finance,/accounts/label/yam-finance,22,/tokens/label/yam-finance?subcatid=2,2,,
566,yearnSlippage,,,,,/txs/label/yearn-slippage,3
567,Yearn.Finance,/accounts/label/yearn-finance,201,/tokens/label/yearn-finance?subcatid=1,11,/txs/label/yearn-finance,2
567,Yearn.Finance,/accounts/label/yearn-finance,201,/tokens/label/yearn-finance?subcatid=0,163,/txs/label/yearn-finance,2
567,Yearn.Finance,/accounts/label/yearn-finance,201,/tokens/label/yearn-finance?subcatid=2,4,/txs/label/yearn-finance,2
568,YFFI.finance,/accounts/label/yffi-finance,6,/tokens/label/yffi-finance,1,/txs/label/yffi-finance,7
569,YFII.finance,/accounts/label/yfii-finance,4,/tokens/label/yfii-finance,1,/txs/label/yfii-finance,5
570,ygov.finance,/accounts/label/ygov-finance,7,/tokens/label/ygov-finance,1,,
571,YieldFarming,/accounts/label/yield-farming,94,/tokens/label/yield-farming,648,,
572,YUNBI,/accounts/label/yunbi,3,,,,
573,Zapper.Fi,/accounts/label/zapper-fi,91,/tokens/label/zapper-fi,2,,
574,ZB.com,/accounts/label/zb-com,3,/tokens/label/zb-com,1,,
575,Zerion,/accounts/label/zerion,44,,,,
576,ZeroDev,/accounts/label/zerodev,3,,,,
577,Zethr,/accounts/label/zethr,6,/tokens/label/zethr,1,,
578,Zora,/accounts/label/zora,3,,,,
